{
  "seats": [
    {
      "id": "0",
      "bounds": {
        "xMin": 0.15625,
        "xMax": 0.2171875,
        "yMin": 0.6625,
        "yMax": 0.725
      }
    },
    {
      "id": "1",
      "bounds": {
        "xMin": 0.384375,
        "xMax": 0.7203125,
        "yMin": 0.8416666666666667,
        "yMax": 0.9458333333333333
      }
    },
    {
      "id": "2",
      "bounds": {
        "xMin": 0.8515625,
        "xMax": 0.971875,
        "yMin": 0.6583333333333333,
        "yMax": 0.7291666666666666
      }
    }
  ]
}